{
  "rf_baseline": {
    "auc": 0.8975000000000001,
    "brier": 0.133934375,
    "n_holdout": 40
  }
}